dimension,group,feature,n,mean,median,p25,p75,p90,p95
answerability,all,top1_score,112,0.429989,0.295369,0.129341,0.737097,0.958506,0.961819
answerability,all,top1_top2_margin,112,0.213091,0.124983,0.031904,0.305715,0.569807,0.722735
answerability,all,mean_top3_score,112,0.260672,0.166335,0.055395,0.390293,0.655407,0.781436
answerability,all,distinct_source_count_top5,112,2.839286,3.0,2,4,4,5
answerability,all,dense_sparse_agreement,0,,,,,,
answerability,all,authorized_candidate_count,112,14.107143,15.0,13,17,18,19
answerability,ambiguous,top1_score,6,0.145183,0.09199,0.061108,0.294331,0.294331,0.309616
answerability,ambiguous,top1_top2_margin,6,0.049587,0.009798,0.00396,0.080062,0.080062,0.193727
answerability,ambiguous,mean_top3_score,6,0.093775,0.061439,0.028811,0.162976,0.162976,0.231528
answerability,ambiguous,distinct_source_count_top5,6,2.666667,2.0,2,4,4,4
answerability,ambiguous,dense_sparse_agreement,0,,,,,,
answerability,ambiguous,authorized_candidate_count,6,11.833333,12.5,8,15,15,16
answerability,answerable,top1_score,83,0.518903,0.553755,0.201661,0.882811,0.960317,0.979451
answerability,answerable,top1_top2_margin,83,0.240538,0.140009,0.034094,0.383095,0.57692,0.876483
answerability,answerable,mean_top3_score,83,0.324317,0.305827,0.104847,0.470324,0.702757,0.842511
answerability,answerable,distinct_source_count_top5,83,2.963855,3,2,4,4,5
answerability,answerable,dense_sparse_agreement,0,,,,,,
answerability,answerable,authorized_candidate_count,83,14.048193,15,12,17,19,19
answerability,unanswerable,top1_score,23,0.183422,0.129341,0.081703,0.182307,0.514862,0.626332
answerability,unanswerable,top1_top2_margin,23,0.156695,0.099632,0.047116,0.144323,0.420361,0.591287
answerability,unanswerable,mean_top3_score,23,0.074534,0.047012,0.028648,0.083202,0.221387,0.224647
answerability,unanswerable,distinct_source_count_top5,23,2.434783,2,2,3,4,4
answerability,unanswerable,dense_sparse_agreement,0,,,,,,
answerability,unanswerable,authorized_candidate_count,23,14.913043,15,14,16,18,18
category,acl_negative,top1_score,8,0.351157,0.280917,0.178566,0.514862,0.626332,0.707392
category,acl_negative,top1_top2_margin,8,0.285793,0.220269,0.130073,0.420361,0.591287,0.650983
category,acl_negative,mean_top3_score,8,0.149615,0.130725,0.088139,0.221387,0.224647,0.262703
category,acl_negative,distinct_source_count_top5,8,2.75,3.0,2,4,4,4
category,acl_negative,dense_sparse_agreement,0,,,,,,
category,acl_negative,authorized_candidate_count,8,14.75,15.0,14,15,15,16
category,ambiguous,top1_score,6,0.145183,0.09199,0.061108,0.294331,0.294331,0.309616
category,ambiguous,top1_top2_margin,6,0.049587,0.009798,0.00396,0.080062,0.080062,0.193727
category,ambiguous,mean_top3_score,6,0.093775,0.061439,0.028811,0.162976,0.162976,0.231528
category,ambiguous,distinct_source_count_top5,6,2.666667,2.0,2,4,4,4
category,ambiguous,dense_sparse_agreement,0,,,,,,
category,ambiguous,authorized_candidate_count,6,11.833333,12.5,8,15,15,16
category,cross_lingual,top1_score,20,0.372372,0.344403,0.159553,0.600943,0.737097,0.80547
category,cross_lingual,top1_top2_margin,20,0.126021,0.070213,0.026699,0.140009,0.275516,0.331405
category,cross_lingual,mean_top3_score,20,0.262754,0.222777,0.061758,0.378679,0.473898,0.702757
category,cross_lingual,distinct_source_count_top5,20,3.25,3.5,2,4,4,4
category,cross_lingual,dense_sparse_agreement,0,,,,,,
category,cross_lingual,authorized_candidate_count,20,14.55,15.0,14,17,18,18
category,hard_answerable,top1_score,27,0.653286,0.862925,0.243975,0.954525,0.979569,0.991056
category,hard_answerable,top1_top2_margin,27,0.362369,0.401429,0.073249,0.545817,0.630395,0.876483
category,hard_answerable,mean_top3_score,27,0.382548,0.353129,0.167953,0.575271,0.655407,0.941256
category,hard_answerable,distinct_source_count_top5,27,2.592593,2,2,3,4,5
category,hard_answerable,dense_sparse_agreement,0,,,,,,
category,hard_answerable,authorized_candidate_count,27,13.37037,14,12,16,17,17
category,injection_bearing,top1_score,4,0.943352,0.969043,0.960862,0.977224,0.979451,0.979451
category,injection_bearing,top1_top2_margin,4,0.865019,0.906929,0.897307,0.91655,0.923482,0.923482
category,injection_bearing,mean_top3_score,4,0.362212,0.361679,0.359117,0.36424,0.368266,0.368266
category,injection_bearing,distinct_source_count_top5,4,4,4.0,4,4,4,4
category,injection_bearing,dense_sparse_agreement,0,,,,,,
category,injection_bearing,authorized_candidate_count,4,16,16.0,16,16,17,17
category,multi_document,top1_score,4,0.21979,0.229311,0.216823,0.241798,0.243264,0.243264
category,multi_document,top1_top2_margin,4,0.178434,0.183511,0.180239,0.186784,0.200495,0.200495
category,multi_document,mean_top3_score,4,0.091824,0.092421,0.082525,0.102316,0.104847,0.104847
category,multi_document,distinct_source_count_top5,4,4,4.0,4,4,4,4
category,multi_document,dense_sparse_agreement,0,,,,,,
category,multi_document,authorized_candidate_count,4,19.75,20.0,20,20,20,20
category,standard_answerable,top1_score,20,0.442454,0.331635,0.115431,0.709445,0.959541,0.960304
category,standard_answerable,top1_top2_margin,20,0.112553,0.066066,0.018862,0.138076,0.278425,0.341302
category,standard_answerable,mean_top3_score,20,0.32341,0.221561,0.069334,0.481508,0.842511,0.883725
category,standard_answerable,distinct_source_count_top5,20,2.4,2.0,2,3,4,4
category,standard_answerable,dense_sparse_agreement,0,,,,,,
category,standard_answerable,authorized_candidate_count,20,14,15.0,11,17,19,19
category,unanswerable,top1_score,15,0.093963,0.100579,0.04978,0.129341,0.184865,0.184865
category,unanswerable,top1_top2_margin,15,0.087842,0.079451,0.047116,0.124927,0.183433,0.183433
category,unanswerable,mean_top3_score,15,0.034491,0.040806,0.017938,0.04695,0.062273,0.062273
category,unanswerable,distinct_source_count_top5,15,2.266667,2,2,3,3,3
category,unanswerable,dense_sparse_agreement,0,,,,,,
category,unanswerable,authorized_candidate_count,15,15,14,13,17,18,18
category,version_conflict,top1_score,8,0.560139,0.53296,0.354963,0.686539,0.892662,0.898136
category,version_conflict,top1_top2_margin,8,0.15443,0.120537,0.077714,0.199757,0.298517,0.395478
category,version_conflict,mean_top3_score,8,0.381262,0.353341,0.164717,0.426394,0.70061,0.781436
category,version_conflict,distinct_source_count_top5,8,3.875,3.5,3,5,5,5
category,version_conflict,dense_sparse_agreement,0,,,,,,
category,version_conflict,authorized_candidate_count,8,11.375,11.5,5,17,18,18
