query_id,candidate_a_semantic,candidate_b_semantic,pair_preference,candidate_a_grounding_notes,candidate_b_grounding_notes,human_notes
techqa_DEV_Q007#row-0076,,,,,,
techqa_DEV_Q014#row-0035,,,,,,
techqa_DEV_Q015#row-0065,,,,,,
techqa_DEV_Q016#row-0071,,,,,,
techqa_DEV_Q017#row-0094,,,,,,
techqa_DEV_Q019#row-0089,,,,,,
techqa_DEV_Q020#row-0078,,,,,,
techqa_DEV_Q021#row-0099,,,,,,
techqa_DEV_Q022#row-0053,,,,,,
techqa_DEV_Q030#row-0111,,,,,,
techqa_DEV_Q042#row-0113,,,,,,
techqa_DEV_Q043#row-0015,,,,,,
techqa_DEV_Q049#row-0085,,,,,,
techqa_DEV_Q052#row-0110,,,,,,
techqa_DEV_Q061#row-0044,,,,,,
techqa_DEV_Q063#row-0083,,,,,,
techqa_DEV_Q066#row-0086,,,,,,
techqa_DEV_Q069#row-0073,,,,,,
techqa_DEV_Q072#row-0036,,,,,,
techqa_DEV_Q081#row-0047,,,,,,
techqa_DEV_Q084#row-0069,,,,,,
techqa_DEV_Q093#row-0154,,,,,,
techqa_DEV_Q096#row-0127,,,,,,
techqa_DEV_Q101#row-0070,,,,,,
techqa_DEV_Q103#row-0139,,,,,,
techqa_DEV_Q104#row-0143,,,,,,
techqa_DEV_Q105#row-0092,,,,,,
techqa_DEV_Q106#row-0129,,,,,,
techqa_DEV_Q115#row-0152,,,,,,
techqa_DEV_Q135#row-0131,,,,,,
techqa_DEV_Q137#row-0019,,,,,,
techqa_DEV_Q139#row-0017,,,,,,
techqa_DEV_Q150#row-0123,,,,,,
techqa_DEV_Q168#row-0149,,,,,,
techqa_DEV_Q170#row-0054,,,,,,
techqa_DEV_Q180#row-0021,,,,,,
techqa_DEV_Q199#row-0007,,,,,,
techqa_DEV_Q209#row-0107,,,,,,
techqa_DEV_Q210#row-0151,,,,,,
techqa_DEV_Q215#row-0010,,,,,,
techqa_DEV_Q231#row-0003,,,,,,
techqa_DEV_Q249#row-0011,,,,,,
techqa_DEV_Q256#row-0138,,,,,,
techqa_DEV_Q266#row-0025,,,,,,
techqa_DEV_Q270#row-0142,,,,,,
techqa_DEV_Q278#row-0115,,,,,,
techqa_DEV_Q284#row-0102,,,,,,
techqa_DEV_Q292#row-0058,,,,,,
techqa_DEV_Q305#row-0023,,,,,,
techqa_DEV_Q307#row-0116,,,,,,
