split,label_space,group,feature,n,mean,std,min,p10,p25,median,p75,p90,p95,max
development,binary,ANSWER,authorized_candidate_count,150,20.0,0.0,20.0,20.0,20.0,20.0,20.0,20.0,20.0,20.0
development,binary,ANSWER,reranked_count,150,5.0,0.0,5.0,5.0,5.0,5.0,5.0,5.0,5.0,5.0
development,binary,ANSWER,top1_score,150,0.56645,0.34804,0.001436,0.06038,0.201096,0.601919,0.918894,0.969032,0.980406,0.993406
development,binary,ANSWER,top2_score,150,0.361413,0.320294,7.5e-05,0.02312,0.079295,0.25293,0.65425,0.854835,0.908875,0.974864
development,binary,ANSWER,top3_score,150,0.235328,0.282808,5.9e-05,0.00641,0.021752,0.08524,0.374879,0.745107,0.824242,0.948281
development,binary,ANSWER,top1_top2_margin,150,0.205037,0.21352,1e-05,0.006707,0.049432,0.126917,0.300638,0.508652,0.722792,0.874807
development,binary,ANSWER,top1_top3_margin,150,0.331122,0.27134,0.000615,0.037621,0.101666,0.271911,0.537015,0.745844,0.831758,0.923177
development,binary,ANSWER,mean_top3_score,150,0.38773,0.291973,0.001057,0.031731,0.130647,0.333044,0.651079,0.848806,0.874578,0.954148
development,binary,ANSWER,mean_top5_score,150,0.275215,0.225177,0.000841,0.022394,0.084653,0.225768,0.441704,0.621271,0.676966,0.85357
development,binary,ANSWER,min_top5_score,150,0.085637,0.157767,5.1e-05,0.001445,0.003805,0.018158,0.071896,0.250401,0.462123,0.757174
development,binary,ANSWER,max_top5_score,150,0.56645,0.34804,0.001436,0.06038,0.201096,0.601919,0.918894,0.969032,0.980406,0.993406
development,binary,ANSWER,std_top5_score,150,0.188968,0.129031,0.000352,0.020822,0.067103,0.167905,0.320054,0.361181,0.380401,0.460541
development,binary,ANSWER,distinct_source_count_top5,150,3.066667,1.056199,1.0,2.0,2.0,3.0,4.0,4.1,5.0,5.0
development,binary,ANSWER,distinct_document_count_top5,150,3.066667,1.056199,1.0,2.0,2.0,3.0,4.0,4.1,5.0,5.0
development,binary,ANSWER,duplicate_source_chunk_count_top5,150,1.933333,1.056199,0.0,0.9,1.0,2.0,3.0,3.0,3.0,4.0
development,binary,ANSWER,source_score_concentration,150,0.496741,0.175809,0.217362,0.299143,0.345654,0.484823,0.605799,0.740405,0.800519,0.999715
development,binary,ABSTAIN,authorized_candidate_count,50,20.0,0.0,20.0,20.0,20.0,20.0,20.0,20.0,20.0,20.0
development,binary,ABSTAIN,reranked_count,50,5.0,0.0,5.0,5.0,5.0,5.0,5.0,5.0,5.0,5.0
development,binary,ABSTAIN,top1_score,50,0.100475,0.19371,0.000232,0.004789,0.011899,0.026426,0.069922,0.253091,0.498325,0.986681
development,binary,ABSTAIN,top2_score,50,0.056037,0.125182,0.00015,0.002621,0.005964,0.015385,0.054271,0.127343,0.223463,0.824916
development,binary,ABSTAIN,top3_score,50,0.030678,0.068918,0.000122,0.001311,0.004067,0.008146,0.020154,0.085263,0.107439,0.457318
development,binary,ABSTAIN,top1_top2_margin,50,0.044437,0.098231,1.3e-05,0.000838,0.002107,0.006849,0.026797,0.147736,0.236411,0.570811
development,binary,ABSTAIN,top1_top3_margin,50,0.069796,0.139649,0.000109,0.001395,0.006326,0.01803,0.040281,0.172817,0.379478,0.675277
development,binary,ABSTAIN,mean_top3_score,50,0.062397,0.125267,0.00017,0.002992,0.007891,0.018025,0.045981,0.142171,0.293029,0.756305
development,binary,ABSTAIN,mean_top5_score,50,0.044613,0.095153,0.000121,0.002172,0.005747,0.012622,0.032761,0.10593,0.189217,0.605639
development,binary,ABSTAIN,min_top5_score,50,0.015808,0.052236,3.2e-05,0.000319,0.001237,0.002681,0.009483,0.02726,0.05318,0.367019
development,binary,ABSTAIN,max_top5_score,50,0.100475,0.19371,0.000232,0.004789,0.011899,0.026426,0.069922,0.253091,0.498325,0.986681
development,binary,ABSTAIN,std_top5_score,50,0.032476,0.060352,7e-05,0.001047,0.00373,0.008733,0.024235,0.076319,0.175707,0.26834
development,binary,ABSTAIN,distinct_source_count_top5,50,3.3,0.9,2.0,2.0,3.0,3.0,4.0,4.1,5.0,5.0
development,binary,ABSTAIN,distinct_document_count_top5,50,3.3,0.9,2.0,2.0,3.0,3.0,4.0,4.1,5.0,5.0
development,binary,ABSTAIN,duplicate_source_chunk_count_top5,50,1.7,0.9,0.0,0.9,1.0,2.0,2.0,3.0,3.0,3.0
development,binary,ABSTAIN,source_score_concentration,50,0.457581,0.125709,0.263128,0.30427,0.371426,0.43973,0.522046,0.63607,0.70048,0.782456
development,original,answerable,authorized_candidate_count,150,20.0,0.0,20.0,20.0,20.0,20.0,20.0,20.0,20.0,20.0
development,original,answerable,reranked_count,150,5.0,0.0,5.0,5.0,5.0,5.0,5.0,5.0,5.0,5.0
development,original,answerable,top1_score,150,0.56645,0.34804,0.001436,0.06038,0.201096,0.601919,0.918894,0.969032,0.980406,0.993406
development,original,answerable,top2_score,150,0.361413,0.320294,7.5e-05,0.02312,0.079295,0.25293,0.65425,0.854835,0.908875,0.974864
development,original,answerable,top3_score,150,0.235328,0.282808,5.9e-05,0.00641,0.021752,0.08524,0.374879,0.745107,0.824242,0.948281
development,original,answerable,top1_top2_margin,150,0.205037,0.21352,1e-05,0.006707,0.049432,0.126917,0.300638,0.508652,0.722792,0.874807
development,original,answerable,top1_top3_margin,150,0.331122,0.27134,0.000615,0.037621,0.101666,0.271911,0.537015,0.745844,0.831758,0.923177
development,original,answerable,mean_top3_score,150,0.38773,0.291973,0.001057,0.031731,0.130647,0.333044,0.651079,0.848806,0.874578,0.954148
development,original,answerable,mean_top5_score,150,0.275215,0.225177,0.000841,0.022394,0.084653,0.225768,0.441704,0.621271,0.676966,0.85357
development,original,answerable,min_top5_score,150,0.085637,0.157767,5.1e-05,0.001445,0.003805,0.018158,0.071896,0.250401,0.462123,0.757174
development,original,answerable,max_top5_score,150,0.56645,0.34804,0.001436,0.06038,0.201096,0.601919,0.918894,0.969032,0.980406,0.993406
development,original,answerable,std_top5_score,150,0.188968,0.129031,0.000352,0.020822,0.067103,0.167905,0.320054,0.361181,0.380401,0.460541
development,original,answerable,distinct_source_count_top5,150,3.066667,1.056199,1.0,2.0,2.0,3.0,4.0,4.1,5.0,5.0
development,original,answerable,distinct_document_count_top5,150,3.066667,1.056199,1.0,2.0,2.0,3.0,4.0,4.1,5.0,5.0
development,original,answerable,duplicate_source_chunk_count_top5,150,1.933333,1.056199,0.0,0.9,1.0,2.0,3.0,3.0,3.0,4.0
development,original,answerable,source_score_concentration,150,0.496741,0.175809,0.217362,0.299143,0.345654,0.484823,0.605799,0.740405,0.800519,0.999715
development,original,unanswerable,authorized_candidate_count,38,20.0,0.0,20.0,20.0,20.0,20.0,20.0,20.0,20.0,20.0
development,original,unanswerable,reranked_count,38,5.0,0.0,5.0,5.0,5.0,5.0,5.0,5.0,5.0,5.0
development,original,unanswerable,top1_score,38,0.052064,0.094181,0.000232,0.001383,0.011181,0.021606,0.032081,0.144322,0.215773,0.512337
development,original,unanswerable,top2_score,38,0.029806,0.04974,0.00015,0.000363,0.005416,0.012892,0.022326,0.080504,0.102053,0.270589
development,original,unanswerable,top3_score,38,0.019179,0.030294,0.000122,0.000268,0.003908,0.006911,0.015525,0.060799,0.090535,0.126536
development,original,unanswerable,top1_top2_margin,38,0.022258,0.048004,1.3e-05,0.000655,0.001499,0.006092,0.016508,0.048804,0.123031,0.241748
development,original,unanswerable,top1_top3_margin,38,0.032885,0.068621,0.000109,0.001121,0.004583,0.011042,0.02444,0.074933,0.144182,0.385802
development,original,unanswerable,mean_top3_score,38,0.033683,0.056949,0.00017,0.000636,0.007363,0.013918,0.022023,0.099621,0.13102,0.303154
development,original,unanswerable,mean_top5_score,38,0.023412,0.038183,0.000121,0.000472,0.005217,0.009289,0.015457,0.068977,0.095729,0.193525
development,original,unanswerable,min_top5_score,38,0.006123,0.009761,3.2e-05,0.000202,0.00126,0.002443,0.00594,0.016561,0.020129,0.052455
development,original,unanswerable,max_top5_score,38,0.052064,0.094181,0.000232,0.001383,0.011181,0.021606,0.032081,0.144322,0.215773,0.512337
development,original,unanswerable,std_top5_score,38,0.017215,0.03231,7e-05,0.000456,0.003636,0.007098,0.011519,0.046161,0.06801,0.182303
development,original,unanswerable,distinct_source_count_top5,38,3.184211,0.789912,2.0,2.0,3.0,3.0,4.0,4.0,4.15,5.0
development,original,unanswerable,distinct_document_count_top5,38,3.184211,0.789912,2.0,2.0,3.0,3.0,4.0,4.0,4.15,5.0
development,original,unanswerable,duplicate_source_chunk_count_top5,38,1.815789,0.789912,0.0,1.0,1.0,2.0,2.0,3.0,3.0,3.0
development,original,unanswerable,source_score_concentration,38,0.44121,0.113185,0.263128,0.298247,0.366304,0.439486,0.48526,0.584521,0.636858,0.782456
development,original,ambiguous,authorized_candidate_count,12,20.0,0.0,20.0,20.0,20.0,20.0,20.0,20.0,20.0,20.0
development,original,ambiguous,reranked_count,12,5.0,0.0,5.0,5.0,5.0,5.0,5.0,5.0,5.0,5.0
development,original,ambiguous,top1_score,12,0.253775,0.311988,0.005153,0.032101,0.041982,0.068211,0.37115,0.732333,0.862137,0.986681
development,original,ambiguous,top2_score,12,0.139104,0.219954,0.003164,0.00995,0.026233,0.04608,0.153655,0.245123,0.509434,0.824916
development,original,ambiguous,top3_score,12,0.067093,0.123042,0.001426,0.00328,0.006053,0.01249,0.080185,0.107001,0.265991,0.457318
development,original,ambiguous,top1_top2_margin,12,0.114671,0.162537,0.001989,0.003175,0.005886,0.032932,0.178795,0.251283,0.396378,0.570811
development,original,ambiguous,top1_top3_margin,12,0.186682,0.21993,0.003727,0.025727,0.035538,0.057562,0.335641,0.513601,0.595024,0.675277
development,original,ambiguous,mean_top3_score,12,0.153324,0.210318,0.003248,0.0203,0.022391,0.043153,0.176697,0.338452,0.530018,0.756305
development,original,ambiguous,mean_top5_score,12,0.111748,0.164857,0.002357,0.014309,0.014801,0.031093,0.125311,0.227155,0.400113,0.605639
development,original,ambiguous,min_top5_score,12,0.046477,0.099146,0.000332,0.000658,0.001196,0.004958,0.04253,0.065493,0.201896,0.367019
development,original,ambiguous,max_top5_score,12,0.253775,0.311988,0.005153,0.032101,0.041982,0.068211,0.37115,0.732333,0.862137,0.986681
development,original,ambiguous,std_top5_score,12,0.080801,0.093797,0.001624,0.012649,0.014813,0.025756,0.137668,0.243645,0.259402,0.26834
development,original,ambiguous,distinct_source_count_top5,12,3.666667,1.105542,2.0,2.0,2.75,4.0,4.25,5.0,5.0,5.0
development,original,ambiguous,distinct_document_count_top5,12,3.666667,1.105542,2.0,2.0,2.75,4.0,4.25,5.0,5.0,5.0
development,original,ambiguous,duplicate_source_chunk_count_top5,12,1.333333,1.105542,0.0,0.0,0.75,1.0,2.25,3.0,3.0,3.0
development,original,ambiguous,source_score_concentration,12,0.509424,0.147449,0.320371,0.33302,0.407262,0.461905,0.62545,0.729102,0.755329,0.777391
calibration,binary,ANSWER,authorized_candidate_count,83,14.048193,4.239526,3.0,6.2,12.5,15.0,17.0,18.8,19.0,20.0
calibration,binary,ANSWER,reranked_count,83,4.975904,0.218202,3.0,5.0,5.0,5.0,5.0,5.0,5.0,5.0
calibration,binary,ANSWER,top1_score,83,0.518903,0.3442,0.011565,0.063622,0.202588,0.553755,0.880565,0.960314,0.979228,0.998714
calibration,binary,ANSWER,top2_score,83,0.278364,0.282578,0.003651,0.014362,0.05022,0.193754,0.441686,0.73642,0.914863,0.988504
calibration,binary,ANSWER,top3_score,83,0.175685,0.231249,0.000936,0.007144,0.015287,0.053991,0.245827,0.54227,0.736068,0.914904
calibration,binary,ANSWER,top1_top2_margin,83,0.240538,0.256559,0.002524,0.0101,0.038773,0.140009,0.362198,0.575497,0.867909,0.923482
calibration,binary,ANSWER,top1_top3_margin,83,0.343218,0.284606,0.005971,0.037487,0.108326,0.241608,0.525575,0.823936,0.921521,0.946674
calibration,binary,ANSWER,mean_top3_score,83,0.324317,0.255461,0.006647,0.034042,0.105873,0.305827,0.468411,0.702328,0.836634,0.947934
calibration,binary,ANSWER,mean_top5_score,83,0.22836,0.196143,0.004428,0.024958,0.072074,0.207271,0.312055,0.508236,0.673779,0.836038
calibration,binary,ANSWER,min_top5_score,83,0.064679,0.117509,0.000276,0.000938,0.004227,0.014091,0.064997,0.194995,0.326686,0.617642
calibration,binary,ANSWER,max_top5_score,83,0.518903,0.3442,0.011565,0.063622,0.202588,0.553755,0.880565,0.960314,0.979228,0.998714
calibration,binary,ANSWER,std_top5_score,83,0.175744,0.124117,0.002994,0.021062,0.059646,0.157829,0.295952,0.351229,0.373171,0.408729
calibration,binary,ANSWER,distinct_source_count_top5,83,2.963855,1.155873,1.0,1.2,2.0,3.0,4.0,4.0,5.0,5.0
calibration,binary,ANSWER,distinct_document_count_top5,83,2.963855,1.155873,1.0,1.2,2.0,3.0,4.0,4.0,5.0,5.0
calibration,binary,ANSWER,duplicate_source_chunk_count_top5,83,2.012048,1.177029,0.0,1.0,1.0,2.0,3.0,3.8,4.0,4.0
calibration,binary,ANSWER,source_score_concentration,83,0.543789,0.195577,0.210944,0.29748,0.404194,0.50831,0.71367,0.845172,0.874504,0.977732
calibration,binary,ABSTAIN,authorized_candidate_count,29,14.275862,2.571683,7.0,11.6,13.0,15.0,16.0,17.2,18.0,18.0
calibration,binary,ABSTAIN,reranked_count,29,5.0,0.0,5.0,5.0,5.0,5.0,5.0,5.0,5.0,5.0
calibration,binary,ABSTAIN,top1_score,29,0.17551,0.174773,0.007543,0.029231,0.063345,0.108807,0.184865,0.406595,0.581744,0.707392
calibration,binary,ABSTAIN,top2_score,29,0.040976,0.05996,0.000269,0.001363,0.003234,0.01464,0.050214,0.101322,0.116526,0.294152
calibration,binary,ABSTAIN,top3_score,29,0.019059,0.024084,0.000121,0.000473,0.001371,0.006425,0.030219,0.046909,0.059975,0.106101
calibration,binary,ABSTAIN,top1_top2_margin,29,0.134535,0.162352,0.000179,0.007392,0.029936,0.080062,0.144323,0.328644,0.522917,0.650983
calibration,binary,ABSTAIN,top1_top3_margin,29,0.156451,0.166754,0.007421,0.027049,0.048409,0.101388,0.184344,0.370858,0.552287,0.683085
calibration,binary,ABSTAIN,mean_top3_score,29,0.078515,0.073475,0.002644,0.015359,0.028648,0.047012,0.088139,0.222039,0.228776,0.262703
calibration,binary,ABSTAIN,mean_top5_score,29,0.051149,0.048094,0.001627,0.00999,0.017488,0.030955,0.064671,0.140488,0.15619,0.164362
calibration,binary,ABSTAIN,min_top5_score,29,0.00846,0.012531,9.4e-05,0.000156,0.000235,0.003651,0.009652,0.028948,0.032763,0.050278
calibration,binary,ABSTAIN,max_top5_score,29,0.17551,0.174773,0.007543,0.029231,0.063345,0.108807,0.184865,0.406595,0.581744,0.707392
calibration,binary,ABSTAIN,std_top5_score,29,0.0655,0.066441,0.002958,0.011233,0.023096,0.040845,0.073713,0.150954,0.22037,0.271946
calibration,binary,ABSTAIN,distinct_source_count_top5,29,2.482759,1.004153,1.0,1.0,2.0,2.0,3.0,4.0,4.0,4.0
calibration,binary,ABSTAIN,distinct_document_count_top5,29,2.482759,1.004153,1.0,1.0,2.0,2.0,3.0,4.0,4.0,4.0
calibration,binary,ABSTAIN,duplicate_source_chunk_count_top5,29,2.517241,1.004153,1.0,1.0,2.0,3.0,3.0,4.0,4.0,4.0
calibration,binary,ABSTAIN,source_score_concentration,29,0.738979,0.212856,0.363285,0.398195,0.572418,0.766389,0.934383,0.956434,0.97259,0.987471
calibration,original,answerable,authorized_candidate_count,83,14.048193,4.239526,3.0,6.2,12.5,15.0,17.0,18.8,19.0,20.0
calibration,original,answerable,reranked_count,83,4.975904,0.218202,3.0,5.0,5.0,5.0,5.0,5.0,5.0,5.0
calibration,original,answerable,top1_score,83,0.518903,0.3442,0.011565,0.063622,0.202588,0.553755,0.880565,0.960314,0.979228,0.998714
calibration,original,answerable,top2_score,83,0.278364,0.282578,0.003651,0.014362,0.05022,0.193754,0.441686,0.73642,0.914863,0.988504
calibration,original,answerable,top3_score,83,0.175685,0.231249,0.000936,0.007144,0.015287,0.053991,0.245827,0.54227,0.736068,0.914904
calibration,original,answerable,top1_top2_margin,83,0.240538,0.256559,0.002524,0.0101,0.038773,0.140009,0.362198,0.575497,0.867909,0.923482
calibration,original,answerable,top1_top3_margin,83,0.343218,0.284606,0.005971,0.037487,0.108326,0.241608,0.525575,0.823936,0.921521,0.946674
calibration,original,answerable,mean_top3_score,83,0.324317,0.255461,0.006647,0.034042,0.105873,0.305827,0.468411,0.702328,0.836634,0.947934
calibration,original,answerable,mean_top5_score,83,0.22836,0.196143,0.004428,0.024958,0.072074,0.207271,0.312055,0.508236,0.673779,0.836038
calibration,original,answerable,min_top5_score,83,0.064679,0.117509,0.000276,0.000938,0.004227,0.014091,0.064997,0.194995,0.326686,0.617642
calibration,original,answerable,max_top5_score,83,0.518903,0.3442,0.011565,0.063622,0.202588,0.553755,0.880565,0.960314,0.979228,0.998714
calibration,original,answerable,std_top5_score,83,0.175744,0.124117,0.002994,0.021062,0.059646,0.157829,0.295952,0.351229,0.373171,0.408729
calibration,original,answerable,distinct_source_count_top5,83,2.963855,1.155873,1.0,1.2,2.0,3.0,4.0,4.0,5.0,5.0
calibration,original,answerable,distinct_document_count_top5,83,2.963855,1.155873,1.0,1.2,2.0,3.0,4.0,4.0,5.0,5.0
calibration,original,answerable,duplicate_source_chunk_count_top5,83,2.012048,1.177029,0.0,1.0,1.0,2.0,3.0,3.8,4.0,4.0
calibration,original,answerable,source_score_concentration,83,0.543789,0.195577,0.210944,0.29748,0.404194,0.50831,0.71367,0.845172,0.874504,0.977732
calibration,original,unanswerable,authorized_candidate_count,23,14.913043,1.717254,12.0,13.0,14.0,15.0,16.0,17.8,18.0,18.0
calibration,original,unanswerable,reranked_count,23,5.0,0.0,5.0,5.0,5.0,5.0,5.0,5.0,5.0,5.0
calibration,original,unanswerable,top1_score,23,0.183422,0.186677,0.007543,0.033361,0.072524,0.129341,0.183586,0.487795,0.615185,0.707392
calibration,original,unanswerable,top2_score,23,0.026727,0.032579,0.000269,0.001157,0.002949,0.008181,0.047989,0.070332,0.092431,0.116951
calibration,original,unanswerable,top3_score,23,0.013454,0.016139,0.000121,0.000327,0.001194,0.005285,0.022061,0.036657,0.044178,0.054799
calibration,original,unanswerable,top1_top2_margin,23,0.156695,0.171995,0.007274,0.022948,0.042138,0.099632,0.163878,0.397432,0.574194,0.650983
calibration,original,unanswerable,top1_top3_margin,23,0.169968,0.179728,0.007421,0.031652,0.05326,0.103146,0.173418,0.437762,0.598398,0.683085
calibration,original,unanswerable,mean_top3_score,23,0.074534,0.071722,0.002644,0.012351,0.027405,0.047012,0.08567,0.209397,0.224321,0.262703
calibration,original,unanswerable,mean_top5_score,23,0.04792,0.045735,0.001627,0.007651,0.017419,0.030955,0.059651,0.130813,0.146551,0.164362
calibration,original,unanswerable,min_top5_score,23,0.006793,0.009982,9.4e-05,0.000163,0.000228,0.003651,0.008264,0.024556,0.031354,0.033473
calibration,original,unanswerable,max_top5_score,23,0.183422,0.186677,0.007543,0.033361,0.072524,0.129341,0.183586,0.487795,0.615185,0.707392
calibration,original,unanswerable,std_top5_score,23,0.068792,0.07139,0.002958,0.012771,0.024637,0.044802,0.069508,0.176462,0.238072,0.271946
calibration,original,unanswerable,distinct_source_count_top5,23,2.434783,1.014079,1.0,1.0,2.0,2.0,3.0,4.0,4.0,4.0
calibration,original,unanswerable,distinct_document_count_top5,23,2.434783,1.014079,1.0,1.0,2.0,2.0,3.0,4.0,4.0,4.0
calibration,original,unanswerable,duplicate_source_chunk_count_top5,23,2.565217,1.014079,1.0,1.0,2.0,3.0,3.0,4.0,4.0,4.0
calibration,original,unanswerable,source_score_concentration,23,0.798171,0.171988,0.375779,0.568772,0.707127,0.860773,0.934802,0.95844,0.979331,0.987471
calibration,original,ambiguous,authorized_candidate_count,6,11.833333,3.624761,7.0,7.5,8.5,12.5,15.0,15.5,15.75,16.0
calibration,original,ambiguous,reranked_count,6,5.0,0.0,5.0,5.0,5.0,5.0,5.0,5.0,5.0,5.0
calibration,original,ambiguous,top1_score,6,0.145183,0.113546,0.022061,0.041585,0.066416,0.09199,0.246158,0.301974,0.305795,0.309616
calibration,original,ambiguous,top2_score,6,0.095595,0.097707,0.002278,0.008459,0.023213,0.073307,0.111336,0.20502,0.249586,0.294152
calibration,original,ambiguous,top3_score,6,0.040546,0.034969,0.001814,0.007239,0.016762,0.029636,0.055123,0.084763,0.095432,0.106101
calibration,original,ambiguous,top1_top2_margin,6,0.049587,0.070007,0.000179,0.00207,0.004825,0.009798,0.06309,0.136895,0.165311,0.193727
calibration,original,ambiguous,top1_top3_margin,6,0.104636,0.084797,0.009396,0.020143,0.041313,0.076555,0.161304,0.21721,0.2317,0.24619
calibration,original,ambiguous,mean_top3_score,6,0.093775,0.077981,0.016455,0.022633,0.033296,0.061439,0.141263,0.197252,0.21439,0.231528
calibration,original,ambiguous,mean_top5_score,6,0.063526,0.054484,0.010784,0.014181,0.02082,0.04129,0.094142,0.135108,0.148574,0.162039
calibration,original,ambiguous,min_top5_score,6,0.014847,0.018042,0.00014,0.000197,0.000363,0.007659,0.020977,0.036686,0.043482,0.050278
calibration,original,ambiguous,max_top5_score,6,0.145183,0.113546,0.022061,0.041585,0.066416,0.09199,0.246158,0.301974,0.305795,0.309616
calibration,original,ambiguous,std_top5_score,6,0.05288,0.039985,0.007739,0.015107,0.024952,0.0358,0.089295,0.107734,0.108606,0.109478
calibration,original,ambiguous,distinct_source_count_top5,6,2.666667,0.942809,2.0,2.0,2.0,2.0,3.5,4.0,4.0,4.0
calibration,original,ambiguous,distinct_document_count_top5,6,2.666667,0.942809,2.0,2.0,2.0,2.0,3.5,4.0,4.0,4.0
calibration,original,ambiguous,duplicate_source_chunk_count_top5,6,2.333333,0.942809,1.0,1.0,1.5,3.0,3.0,3.0,3.0,3.0
calibration,original,ambiguous,source_score_concentration,6,0.512077,0.201698,0.363285,0.376985,0.393031,0.40461,0.5316,0.754636,0.845746,0.936855
